{"cameraMode":{"drawMode":0,"name":"Shaded","section":"Shading Mode"},"sceneLighting":true,"audioPlay":false,"sceneViewState":{"showFog":true,"showMaterialUpdate":false,"showSkybox":true,"showFlares":true,"showImageEffects":true,"showParticleSystems":true},"in2DMode":false,"pivot":{"x":-14.98763656616211,"y":-10.406304359436036,"z":-0.5613548755645752},"rotation":{"x":-0.2701570987701416,"y":0.6589205265045166,"z":-0.2757245600223541,"w":-0.6456138491630554},"size":15.640342712402344,"orthographic":false}