{"cameraMode":{"drawMode":0,"name":"Shaded","section":"Shading Mode"},"sceneLighting":true,"audioPlay":false,"sceneViewState":{"showFog":true,"showMaterialUpdate":false,"showSkybox":true,"showFlares":true,"showImageEffects":true,"showParticleSystems":true},"in2DMode":false,"pivot":{"x":-0.8371438980102539,"y":-1.2554855346679688,"z":-0.7064645290374756},"rotation":{"x":-0.32343751192092898,"y":0.656257152557373,"z":-0.3712366223335266,"w":-0.571758508682251},"size":3.7228753566741945,"orthographic":false}