{"cameraMode":{"drawMode":0,"name":"Shaded","section":"Shading Mode"},"sceneLighting":false,"audioPlay":false,"sceneViewState":{"showFog":true,"showMaterialUpdate":false,"showSkybox":false,"showFlares":true,"showImageEffects":true,"showParticleSystems":true},"in2DMode":false,"pivot":{"x":-0.35308218002319338,"y":-0.3707551956176758,"z":-3.383486270904541},"rotation":{"x":-0.09174362570047379,"y":0.8979989290237427,"z":-0.22433698177337647,"w":-0.3672364056110382},"size":5.9389142990112309,"orthographic":false}