{"cameraMode":{"drawMode":0,"name":"Shaded","section":"Shading Mode"},"sceneLighting":false,"audioPlay":false,"sceneViewState":{"showFog":true,"showMaterialUpdate":false,"showSkybox":false,"showFlares":true,"showImageEffects":true,"showParticleSystems":true},"in2DMode":false,"pivot":{"x":-8.491612434387207,"y":-2.476245641708374,"z":-14.024971008300782},"rotation":{"x":-0.023830769583582879,"y":0.96793133020401,"z":-0.1008465513586998,"w":-0.2288844734430313},"size":15.341960906982422,"orthographic":false}