{"cameraMode":{"drawMode":0,"name":"Shaded","section":"Shading Mode"},"sceneLighting":true,"audioPlay":false,"sceneViewState":{"showFog":true,"showMaterialUpdate":false,"showSkybox":true,"showFlares":true,"showImageEffects":true,"showParticleSystems":true},"in2DMode":false,"pivot":{"x":25.75470733642578,"y":-22.833459854125978,"z":-1.959357738494873},"rotation":{"x":0.2986595630645752,"y":0.6368629932403565,"z":-0.2938428521156311,"w":0.6472254991531372},"size":29.936471939086915,"orthographic":false}