{"cameraMode":{"drawMode":0,"name":"Shaded","section":"Shading Mode"},"sceneLighting":true,"audioPlay":false,"sceneViewState":{"showFog":true,"showMaterialUpdate":false,"showSkybox":true,"showFlares":true,"showImageEffects":true,"showParticleSystems":true},"in2DMode":false,"pivot":{"x":25.421724319458009,"y":-23.604324340820314,"z":3.1055986881256105},"rotation":{"x":0.386285662651062,"y":0.5579397678375244,"z":-0.32787108421325686,"w":0.6572846174240112},"size":30.6887264251709,"orthographic":false}