{"cameraMode":{"drawMode":0,"name":"Shaded","section":"Shading Mode"},"sceneLighting":false,"audioPlay":false,"sceneViewState":{"showFog":true,"showMaterialUpdate":false,"showSkybox":false,"showFlares":true,"showImageEffects":true,"showParticleSystems":true},"in2DMode":false,"pivot":{"x":0.0,"y":-0.1443948745727539,"z":-0.00005030632019042969},"rotation":{"x":-0.010822540149092675,"y":0.8893592357635498,"z":-0.4565971791744232,"w":-0.021080652251839639},"size":5.630080699920654,"orthographic":false}