{"cameraMode":{"drawMode":0,"name":"Shaded","section":"Shading Mode"},"sceneLighting":true,"audioPlay":false,"sceneViewState":{"showFog":true,"showMaterialUpdate":false,"showSkybox":true,"showFlares":true,"showImageEffects":true,"showParticleSystems":true},"in2DMode":false,"pivot":{"x":2.075371026992798,"y":-97.98238372802735,"z":36.94905471801758},"rotation":{"x":0.5633527040481567,"y":0.027523022145032884,"z":-0.01875682733952999,"w":0.8255560994148254},"size":65.3689193725586,"orthographic":false}