{"cameraMode":{"drawMode":0,"name":"Shaded","section":"Shading Mode"},"sceneLighting":false,"audioPlay":false,"sceneViewState":{"showFog":true,"showMaterialUpdate":false,"showSkybox":false,"showFlares":true,"showImageEffects":true,"showParticleSystems":true},"in2DMode":false,"pivot":{"x":452.2969665527344,"y":349.47052001953127,"z":-38.206085205078128},"rotation":{"x":0.10213146358728409,"y":-0.0014971841592341662,"z":0.0001524625695310533,"w":0.9947742223739624},"size":533.1289672851563,"orthographic":false}