{"cameraMode":{"drawMode":0,"name":"Shaded","section":"Shading Mode"},"sceneLighting":false,"audioPlay":false,"sceneViewState":{"showFog":true,"showMaterialUpdate":false,"showSkybox":false,"showFlares":true,"showImageEffects":true,"showParticleSystems":true},"in2DMode":false,"pivot":{"x":20.51938819885254,"y":-1.5655937194824219,"z":-1.2378172874450684},"rotation":{"x":0.38896697759628298,"y":0.505708634853363,"z":-0.2731783390045166,"w":0.7199811935424805},"size":20.538476943969728,"orthographic":false}