{"cameraMode":{"drawMode":0,"name":"Shaded","section":"Shading Mode"},"sceneLighting":false,"audioPlay":false,"sceneViewState":{"showFog":true,"showMaterialUpdate":false,"showSkybox":false,"showFlares":true,"showImageEffects":true,"showParticleSystems":true},"in2DMode":false,"pivot":{"x":8.600000381469727,"y":-0.1443948745727539,"z":-0.00005054473876953125},"rotation":{"x":0.43780407309532168,"y":0.35241350531578066,"z":-0.19173574447631837,"w":0.8046125769615173},"size":23.106359481811525,"orthographic":false}