{"cameraMode":{"drawMode":0,"name":"Shaded","section":"Shading Mode"},"sceneLighting":false,"audioPlay":false,"sceneViewState":{"showFog":true,"showMaterialUpdate":false,"showSkybox":false,"showFlares":true,"showImageEffects":true,"showParticleSystems":true},"in2DMode":false,"pivot":{"x":-347.4999694824219,"y":373.4422607421875,"z":0.0},"rotation":{"x":0.03629675135016441,"y":-0.01649334281682968,"z":0.0005981599097140133,"w":0.9992092251777649},"size":215.82542419433595,"orthographic":false}