{"cameraMode":{"drawMode":0,"name":"Shaded","section":"Shading Mode"},"sceneLighting":false,"audioPlay":false,"sceneViewState":{"showFog":true,"showMaterialUpdate":false,"showSkybox":false,"showFlares":true,"showImageEffects":true,"showParticleSystems":true},"in2DMode":false,"pivot":{"x":11.448213577270508,"y":0.09087371826171875,"z":-8.215605735778809},"rotation":{"x":0.37588560581207278,"y":0.49113723635673525,"z":-0.24749235808849336,"w":0.7458401322364807},"size":17.742170333862306,"orthographic":false}